<?xml version="1.0" encoding="UTF-8"?>
<project-private xmlns="http://www.netbeans.org/ns/project-private/1">
    <editor-bookmarks xmlns="http://www.netbeans.org/ns/editor-bookmarks/2" lastBookmarkId="0"/>
    <open-files xmlns="http://www.netbeans.org/ns/projectui-open-files/2">
        <group>
            <file>file:/C:/Users/ranie/OneDrive/Documentos/NetBeansProjects/AulaPolimorfismo/src/aulapolimorfismo/Extrovertido.java</file>
            <file>file:/C:/Users/ranie/OneDrive/Documentos/NetBeansProjects/AulaPolimorfismo/src/aulapolimorfismo/Personalidade.java</file>
            <file>file:/C:/Users/ranie/OneDrive/Documentos/NetBeansProjects/AulaPolimorfismo/src/aulapolimorfismo/Otimista.java</file>
            <file>file:/C:/Users/ranie/OneDrive/Documentos/NetBeansProjects/AulaPolimorfismo/src/aulapolimorfismo/ProAtivo.java</file>
            <file>file:/C:/Users/ranie/OneDrive/Documentos/NetBeansProjects/AulaPolimorfismo/src/aulapolimorfismo/Pessimista.java</file>
            <file>file:/C:/Users/ranie/OneDrive/Documentos/NetBeansProjects/AulaPolimorfismo/src/aulapolimorfismo/PersonalidadeClasseConcreta.java</file>
            <file>file:/C:/Users/ranie/OneDrive/Documentos/NetBeansProjects/AulaPolimorfismo/src/aulapolimorfismo/Principal.java</file>
            <file>file:/C:/Users/ranie/OneDrive/Documentos/NetBeansProjects/AulaPolimorfismo/src/aulapolimorfismo/Introvertido.java</file>
        </group>
    </open-files>
</project-private>
