<?xml version="1.0" encoding="UTF-8"?>
<project-private xmlns="http://www.netbeans.org/ns/project-private/1">
    <editor-bookmarks xmlns="http://www.netbeans.org/ns/editor-bookmarks/2" lastBookmarkId="0"/>
    <open-files xmlns="http://www.netbeans.org/ns/projectui-open-files/2">
        <group>
            <file>file:/C:/Users/ranie/OneDrive/Documentos/NetBeansProjects/ProvaQ2/src/provaq2/Livro.java</file>
            <file>file:/C:/Users/ranie/OneDrive/Documentos/NetBeansProjects/ProvaQ2/src/provaq2/Revista.java</file>
            <file>file:/C:/Users/ranie/OneDrive/Documentos/NetBeansProjects/ProvaQ2/src/provaq2/Principal.java</file>
            <file>file:/C:/Users/ranie/OneDrive/Documentos/NetBeansProjects/ProvaQ2/src/provaq2/Exemplares.java</file>
        </group>
    </open-files>
</project-private>
